-- phpMyAdmin SQL Dump
-- version 4.8.1
-- https://www.phpmyadmin.net/
--
-- Host: 127.0.0.1
-- Generation Time: Feb 19, 2019 at 03:09 PM
-- Server version: 10.1.33-MariaDB
-- PHP Version: 7.2.6

SET SQL_MODE = "NO_AUTO_VALUE_ON_ZERO";
SET AUTOCOMMIT = 0;
START TRANSACTION;
SET time_zone = "+00:00";


/*!40101 SET @OLD_CHARACTER_SET_CLIENT=@@CHARACTER_SET_CLIENT */;
/*!40101 SET @OLD_CHARACTER_SET_RESULTS=@@CHARACTER_SET_RESULTS */;
/*!40101 SET @OLD_COLLATION_CONNECTION=@@COLLATION_CONNECTION */;
/*!40101 SET NAMES utf8mb4 */;

--
-- Database: `sasiac_anveshana`
--

-- --------------------------------------------------------

--
-- Table structure for table `anveshana_colleges`
--

CREATE TABLE `anveshana_colleges` (
  `SNO` int(3) DEFAULT NULL,
  `CODE` varchar(6) DEFAULT NULL,
  `NAME` varchar(59) DEFAULT NULL,
  `PLACE` varchar(25) DEFAULT NULL,
  `DIST` varchar(3) DEFAULT NULL,
  `REGION` varchar(3) DEFAULT NULL,
  `CTYPE` varchar(5) DEFAULT NULL
) ENGINE=InnoDB DEFAULT CHARSET=utf8;

--
-- Dumping data for table `anveshana_colleges`
--

INSERT INTO `anveshana_colleges` (`SNO`, `CODE`, `NAME`, `PLACE`, `DIST`, `REGION`, `CTYPE`) VALUES
(1, 'ABRK', 'ABR COLLEGE OF ENGG AND TECHNOLOGY', 'KANIGIRI', 'PKS', 'AU', 'COED'),
(2, 'ACEE', 'ADARSH COLLEGE OF ENGINEERING', 'GOLLAPROLU', 'EG', 'AU', 'COED'),
(3, 'ACEM', 'ADITYA COLLEGE OF ENGINEERING', 'MADANAPALLE', 'CTR', 'SVU', 'COED'),
(4, 'ACES', 'ADITYA COLLEGE OF ENGINEERING', 'PEDDAPURAM', 'EG', 'AU', 'COED'),
(5, 'ACET', 'ADITYA COLLEGE OF ENGINEERING AND TECHNOLOGY', 'PEDDAPURAM', 'EG', 'AU', 'COED'),
(6, 'ACPS', 'ADITYA COLLEGE OF PHARMACY', 'PEDDAPURAM', 'EG', 'AU', 'COED'),
(7, 'ADCP', 'ADARSHA COLL OF PHARMACY', 'G.KOTHAPALLI', 'EG', 'AU', 'COED'),
(8, 'ADIT', 'ADITYA INSTITUTE OF TECHNOLOGY AND MGMT', 'TEKKALI', 'SKL', 'AU', 'COED'),
(9, 'ADTP', 'ADITYA ENGINEERING COLLEGE', 'PEDDAPURAM', 'EG', 'AU', 'COED'),
(10, 'AECN', 'ANDHRA ENGINEERING COLLEGE', 'ATMAKUR N', 'NLR', 'SVU', 'COED'),
(11, 'AGCT', 'AKULA SREE RAMULU INST OF ENGG. AND TECHNOLOGY', 'TADEPALLIGUDEM', 'WG', 'AU', 'COED'),
(12, 'AIET', 'AMARA INST. OF ENGINEERING AND TECHNOLOGY', 'NARSARAOPET', 'GTR', 'AU', 'COED'),
(13, 'AIME', 'AMALAPURAM INST OF MGMT SCI COLL OF ENGG', 'MUMMIDIVARAM', 'EG', 'AU', 'COED'),
(14, 'AITK', 'ANNAMACHARYA INST OF TECH AND SCI', 'KADAPA', 'KDP', 'SVU', 'COED'),
(15, 'AITS', 'ANNAMACHARYA INST OF TECHNOLOGY AND SCIENCES', 'RAJAMPETA', 'KDP', 'SVU', 'COED'),
(16, 'AITS2', 'ANNAMACHARYA INST OF TECHNOLOGY AND SCIENCES-2nd SHIFT', 'RAJAMPETA', 'KDP', 'SVU', 'COED'),
(17, 'AITT', 'ANNAMACHARYA INST OF TECHNOLOGYAND SCIENCES', 'TIRUPATHI', 'CTR', 'SVU', 'COED'),
(18, 'AKRG', 'AKRG COLLEGE OF ENGG AND TECHNOLOGY', 'NALLAJERLA', 'WG', 'AU', 'COED'),
(19, 'AKRP', 'A.K.R.G. COLLEGE OF PHARMACY', 'NALLAJERLA', 'WG', 'AU', 'COED'),
(20, 'ALIT', 'ANDHRA LOYOLA INSTT OF ENGG AND TECHNOLOGY', 'VIJAYAWADA', 'KRI', 'AU', 'COED'),
(21, 'ALTS', 'ANANTHA LAKSHMI INST OF TECHNOLOGY AND SCI', 'ANANTAPURAMU', 'ATP', 'SVU', 'COED'),
(22, 'AMRN', 'A.M.REDDY MEMORIAL COLL. OF ENGINEERING', 'NARSARAOPET', 'GTR', 'AU', 'COED'),
(23, 'ANCP', 'ANNAMACHARYA COLLEGE OF PHARMACY', 'RAJAMPETA', 'KDP', 'SVU', 'COED'),
(24, 'ANCUSF', 'ANU COLLEGE OF ENGG TECHNOLOGY-SELF FINANCE', 'GUNTUR', 'GTR', 'AU', 'COED'),
(25, 'ANIL', 'ANIL NEERUKONDA INSTITUTE OF TECHNOLOGY AND SCI', 'BHEEMUNIPATNAM', 'VSP', 'AU', 'COED'),
(26, 'ANMB', 'ACHARYA COLLEGE OF ENGINEERING', 'BADVEL', 'KDP', 'SVU', 'COED'),
(27, 'ANNP', 'ST.ANNS COLLEGE OF PHARAMACY', 'CHIRALA', 'PKS', 'AU', 'COED'),
(28, 'ANSN', 'ST. ANNS COLLEGE OF ENGG. AND TECHNOLOGY', 'CHIRALA', 'PKS', 'AU', 'COED'),
(29, 'ANUPSF', 'ANU COLL OF PHARMACEUTICAL SCIENCES', 'GUNTUR', 'GTR', 'AU', 'COED'),
(30, 'ANURSF', 'ADI KAVI NANNAYA UNIVERSITY COLLEGE OF ENGINEERING', 'RAJAHMUNDRY', 'EG', 'AU', 'COED'),
(31, 'APCS', 'ADITYA PHARMACY COLLEGE', 'PEDDAPURAM', 'EG', 'AU', 'COED'),
(32, 'ARMN', 'A M REDDY MEMORIAL COLL. OF PHARMACY', 'NARSARAOPET', 'GTR', 'AU', 'COED'),
(33, 'ASCW', 'AUDISANKARA COLLEGE OF ENGG FOR WOMEN', 'GUDUR', 'NLR', 'SVU', 'GIRLS'),
(34, 'ASEK', 'AKULA SREERAMULU COLLEGE OF ENGINEERING', 'TANUKU', 'WG', 'AU', 'COED'),
(35, 'ASIP', 'AMRITA SAI INST. OF SCIENCE AND TECHNOLOGY', 'PARITALA', 'KRI', 'AU', 'COED'),
(36, 'ASIT', 'AUDI SANKARA INST OF TECHNOLOGY', 'GUDUR', 'NLR', 'SVU', 'COED'),
(37, 'ASKC', 'A S K COLLEGE OF TECHNOLOGY MANAGEMENT', 'ANAKAPALLE', 'VSP', 'AU', 'COED'),
(38, 'ASNT', 'A S N PHARMACY COLLEGE', 'TENALI', 'GTR', 'AU', 'COED'),
(39, 'ASNW', 'A S N WOMENS ENGINEERING COLLEGE', 'TENALI', 'GTR', 'AU', 'GIRLS'),
(40, 'ASTC', 'AVANTHIS ST THERESSA INSTITUTE OF ENGG AND TECHNOLOGY', 'CHEEPURUPALLI', 'VZM', 'AU', 'COED'),
(41, 'ASVR', 'SVR ENGINEERING COLLEGE', 'NANDYAL', 'KNL', 'SVU', 'COED'),
(42, 'AUCE', 'A U COLLEGE OF ENGG. VISAKHAPATNAM', 'VISAKHAPATNAM', 'VSP', 'AU', 'COED'),
(43, 'AUCP', 'AU COLLEGE OF ENGG. SCHOOL OF PHARMACY', 'VISAKHAPATNAM', 'VSP', 'AU', 'COED'),
(44, 'AUEWSF', 'A U COLLEGE OF ENGG FOR WOMEN', 'VISAKHAPATNAM', 'VSP', 'AU', 'GIRLS'),
(45, 'AVEN', 'AVANTHI INSTITUTE OF ENGG. AND TECHNOLOGY', 'NARSIPATNAM', 'VSP', 'AU', 'COED'),
(46, 'AVEV', 'AVANTHI INST. OF ENGINEERING AND TECHNOLOGY', 'BHOGAPURAM', 'VZM', 'AU', 'COED'),
(47, 'AVNP', 'AVANTHI INST. OF PHARM. SCI.', 'BHOGAPURAM', 'VZM', 'AU', 'COED'),
(48, 'BABA', 'BABA INST OF TECH AND SCIENCES', 'VISAKHAPATNAM', 'VSP', 'AU', 'COED'),
(49, 'BAKR', 'B.A. AND K.R. COLLEGE OF PHARMACY', 'ONGOLE', 'PKS', 'AU', 'COED'),
(50, 'BALA', 'BALAJI COLLEGE OF PHARMACY', 'ANANTAPURAMU', 'ATP', 'SVU', 'COED'),
(51, 'BCEN', 'BRAHMAIAH COLLEGE OF ENGINEERING', 'NELLORE', 'NLR', 'SVU', 'COED'),
(52, 'BCOP', 'BAPATLA COLLEGE OF PHARMACY', 'BAPATLA', 'GTR', 'AU', 'COED'),
(53, 'BCTW', 'BHARATH COLL OF ENGG AND TECHNOLOGY FOR WOMEN', 'KADAPA', 'KDP', 'SVU', 'GIRLS'),
(54, 'BEAM', 'BALAJI INSTITUTE OF ENGINEERING AND MANAGEMENT STUDIES', 'NELLORE', 'NLR', 'SVU', 'COED'),
(55, 'BECB', 'BAPATLA ENGINEERING COLLEGE', 'BAPATLA', 'GTR', 'AU', 'COED'),
(56, 'BEMA', 'BHEEMA INST OF TECHNOLOGY AND SCI', 'ADONI', 'KNL', 'SVU', 'COED'),
(57, 'BENA', 'BENAIAH INST OF TECH AND SCIENCES', 'RAJAHMUNDRY', 'EG', 'AU', 'COED'),
(58, 'BIPB', 'BHASKARA INST. OF PHARMACY', 'BOBBILI', 'VZM', 'AU', 'COED'),
(59, 'BLMP', 'BELLAMKONDA INST OF TECHNOLOGY AND SCI', 'PODILI', 'PKS', 'AU', 'COED'),
(60, 'BRNK', 'BRINDAVAN INST OF TECHNOLOGY AND SCI', 'KURNOOL', 'KNL', 'SVU', 'COED'),
(61, 'BSNR', 'BHUMA SHOBHA NAGIREDDY MEMORIAL COLLEGE OF ENGG AND TECH', 'ALLAGADDA', 'KNL', 'SVU', 'COED'),
(62, 'BTHP', 'BIT INSTITUTE OF TECHNOLOGY', 'HINDUPUR', 'ATP', 'SVU', 'COED'),
(63, 'BULL', 'DR L BULLAYYA COLL OF ENGG FOR WOMEN', 'VISAKHAPATNAM', 'VSP', 'AU', 'GIRLS'),
(64, 'BVCE', 'B V CHALAMAIAH ENGINEERING COLLEGE', 'ODALAREVU', 'EG', 'AU', 'COED'),
(65, 'BVCR', 'BVC ENGINEERING COLLEGE', 'RAJAHMUNDRY', 'EG', 'AU', 'COED'),
(66, 'BVRM', 'BHIMAVARAM INST. OF ENGG. AND TECHNOLOGY', 'BHIMAVARAM', 'WG', 'AU', 'COED'),
(67, 'BVSR', 'BVSR ENGINEERING COLLEGE', 'CHIMAKURTHY', 'PKS', 'AU', 'COED'),
(68, 'BVTS', 'BONAM VENKATA CHALAMAIAH INST. OF TECH AND SCI.', 'AMALAPURAM', 'EG', 'AU', 'COED'),
(69, 'BWEC', 'BAPATLA WOMENS ENGG COLLEGE', 'BAPATLA', 'GTR', 'AU', 'GIRLS'),
(70, 'CABP', 'COLLEGE OF AGRICULTURAL ENGINEERING', 'BAPATLA', 'GTR', 'SW', 'COED'),
(71, 'CAMS', 'COLLEGE OF AGRICULTURAL ENGINEERING', 'MADAKASIRA', 'ATP', 'SW', 'COED'),
(72, 'CBIT', 'CHAITANYA BHARATHI INSTITUTE OF TECHNOLOGY', 'PALLAVOLU', 'KDP', 'SVU', 'COED'),
(73, 'CCPM', 'CHAITANYA COLLEGE OF PHARMACY', 'MARKAPUR', 'PKS', 'AU', 'COED'),
(74, 'CCVY', 'VRS AND YRN COLLEGE OF ENGG. AND TECHNOLOGY', 'CHIRALA', 'PKS', 'AU', 'COED'),
(75, 'CDTK', 'COLLEGE OF DAIRY TECHNOLOGY', 'KAMAREDDY', 'NZB', 'SW', 'COED'),
(76, 'CECC', 'CHIRALA ENGINEERING COLLEGE', 'CHIRALA', 'PKS', 'AU', 'COED'),
(77, 'CECG', 'CHINTALAPUDI ENGINEERING COLLEGE', 'GUNTUR', 'GTR', 'AU', 'COED'),
(78, 'CEVP', 'CHAITANYA ENGINEERING COLLEGE', 'VISAKHAPATNAM', 'VSP', 'AU', 'COED'),
(79, 'CFSB', 'COLLEGE OF FOOD SCIENCE AND TECHNOLOGY', 'BAPATLA', 'GTR', 'SW', 'COED'),
(80, 'CFSP', 'COLLEGE OF FOOD SCIENCE AND TECHNOLOGY', 'PULIVENDULA', 'KDP', 'SW', 'COED'),
(81, 'CHBR', 'CHEBROLU ENGINEERING COLLEGE', 'GUNTUR', 'GTR', 'AU', 'COED'),
(82, 'CHDL', 'CHADALAWADA RAMANAMMA ENGG. COLLEGE', 'TIRUPATHI', 'CTR', 'SVU', 'COED'),
(83, 'CHKN', 'CHAITANYA INST. OF SCI. AND TECHNOLOGY', 'KAKINADA', 'EG', 'AU', 'COED'),
(84, 'CHND', 'CHUNDI RANGANAYAKULU ENGINEERING COLLEGE', 'CHILAKALURIPET', 'GTR', 'AU', 'COED'),
(85, 'CHVN', 'S. CHAVAN COLLEGE OF PHARMACY', 'NELLORE', 'NLR', 'SVU', 'COED'),
(86, 'CIET', 'CHALAPATHI INST OF ENGG AND TECHNOLOGY', 'GUNTUR', 'GTR', 'AU', 'COED'),
(87, 'CIPS', 'CHEBROLU HANUMAIAH INST. OF PHARM SCIENCES', 'GUNTUR', 'GTR', 'AU', 'COED'),
(88, 'CITM', 'COASTAL INST OF TECHNOLOGY AND MANAGEMENT', 'VIZIANAGARAM', 'VZM', 'AU', 'COED'),
(89, 'CITY', 'CHALAPATHI INST OF TECHNOLOGY', 'GUNTUR', 'GTR', 'AU', 'COED'),
(90, 'CLPT', 'CHALAPATHI INSTITUTE OF PHARMACEUTICAL SCI.', 'GUNTUR', 'GTR', 'AU', 'COED'),
(91, 'CRIT', 'CHIRANJIVI REDDY INST OF ENGG AND TECHNOLOGY', 'ANANTAPURAMU', 'ATP', 'SVU', 'COED'),
(92, 'CRKN', 'CREATIVE EDNL. SOCIETYS COLL. OF PHARMACY', 'KURNOOL', 'KNL', 'SVU', 'COED'),
(93, 'CRRE', 'SIR C R R COLLEGE OF ENGINEERING', 'ELURU', 'WG', 'AU', 'COED'),
(94, 'CRRP', 'SIR C.R.REDDY COLLEGE OF PHARMACY', 'ELURU', 'WG', 'AU', 'COED'),
(95, 'CSNP', 'DR.C.S.N.INSTITUTE OF PHARMACY', 'BHIMAVARAM', 'WG', 'AU', 'COED'),
(96, 'CVRT', 'SIR C.V RAMAN INST OF TECHNOLOGY SCIENCES', 'TADIPATRI', 'ATP', 'SVU', 'COED'),
(97, 'CVSE', 'CHADALAWADA VENKATA SUBBAIAH COLL OF ENGINEERING', 'RENIGUNTA', 'CTR', 'SVU', 'COED'),
(98, 'CVST', 'SVVU COLLEGE OF DAIRY TECHNOLOGY', 'TIRUPATHI', 'CTR', 'SW', 'COED'),
(99, 'DCRM', 'D C R M COLLEGE OF PHARMACY', 'INKOLLU', 'PKS', 'AU', 'COED'),
(100, 'DHAN', 'DHANEKULA INST OF ENGG TECHNOLOGY', 'VIJAYAWADA', 'KRI', 'AU', 'COED'),
(101, 'DIET', 'DADI INSTT. OF ENGINEERING AND TECHNOLOGY', 'ANAKAPALLE', 'VSP', 'AU', 'COED'),
(102, 'DJRC', 'SRI CHAITANYA -DJR COLL OF ENGG AND TECH', 'VIJAYAWADA', 'KRI', 'AU', 'COED'),
(103, 'DJRV', 'SRI CHAITANYA DJR INSTITUTE OF ENGINEERING AND TECHNOLOGY', 'VIJAYAWADA', 'KRI', 'AU', 'COED'),
(104, 'DNRE', 'DNR COLLEGE OF ENGG AND TECH', 'BHIMAVARAM', 'WG', 'AU', 'COED'),
(105, 'DSIT', 'D.B.S.INST OF TECHNOLOGY', 'KAVALI', 'NLR', 'SVU', 'COED'),
(106, 'ELRU', 'ELURU COLLEGE OF ENGG AND TECHNOLOGY', 'ELURU', 'WG', 'AU', 'COED'),
(107, 'EMNL', 'EMMANUAL COLLEGE OF PHARMACY', 'BHIMUNIPATNAM', 'VSP', 'AU', 'COED'),
(108, 'ESWR', 'ESWAR COLLEGE OF ENGINEERING', 'NARSARAOPET', 'GTR', 'AU', 'COED'),
(109, 'FIPK', 'FATHIMA INSTITUTE OF PHARMACY', 'KADAPA', 'KDP', 'SVU', 'COED'),
(110, 'GANA', 'SAI GANAPATHI ENGINEERING COLLEGE', 'VISAKHAPATNAM', 'VSP', 'AU', 'COED'),
(111, 'GATE', 'GATES INSTITUTE OF TECHNOLOGY', 'GOOTY', 'ATP', 'SVU', 'COED'),
(112, 'GCET', 'GEETHANJALI COLLEGE OF ENGINEERING AND TECHNOLOGY', 'KURNOOL', 'KNL', 'SVU', 'COED'),
(113, 'GDLV', 'GUDLAVALLERU ENGINEERING COLLEGE', 'GUDLAVALLERU', 'KRI', 'AU', 'COED'),
(114, 'GECG', 'GUNTUR ENGINEERING COLLEGE', 'GUNTUR', 'GTR', 'AU', 'COED'),
(115, 'GGIB', 'GOKUL GROUP OF INSTITUTIONS', 'BOBBILI', 'VZM', 'AU', 'COED'),
(116, 'GIER', 'GODAVARI INSTITUTE OF ENGG. AND TECHNOLOGY', 'RAJAHMUNDRY', 'EG', 'AU', 'COED'),
(117, 'GIET', 'GIET COLLEGE OF ENGINEERING', 'RAJAHMUNDRY', 'EG', 'AU', 'COED'),
(118, 'GIPR', 'GIET SCHOOL OF PHARMACY', 'RAJAHMUNDRY', 'EG', 'AU', 'COED'),
(119, 'GIST', 'GANDHIJI INST OF SCI AND TECHNOLOGY', 'JAGGAIAHPETA', 'KRI', 'AU', 'COED'),
(120, 'GITE', 'GIET ENGINEERING COLLEGE', 'RAJAHMUNDRY', 'EG', 'AU', 'COED'),
(121, 'GITS', 'GONNA INST OF INFO TECHNOLOGY SCIENCES', 'VISAKHAPATNAM', 'VSP', 'AU', 'COED'),
(122, 'GKCS', 'GOKULA KRISHNA COLLEGE OF ENGINEERING', 'SULLURPET', 'NLR', 'SVU', 'COED'),
(123, 'GKPS', 'GOKULA KRISHNA COLLEGE OF PHARMACY', 'SULLURPET', 'NLR', 'SVU', 'COED'),
(124, 'GLBC', 'GLOBAL COLL OF ENGG AND TECHNOLOGY', 'CHENUR', 'KDP', 'SVU', 'COED'),
(125, 'GMRI', 'G M R INSTITUTE OF TECHNOLOGY', 'RAJAM', 'SKL', 'AU', 'COED'),
(126, 'GOKB', 'GOKUL INSTITUTE OF TECHNOLOGY. AND SCI.S', 'BOBBILI', 'VZM', 'AU', 'COED'),
(127, 'GPRE', 'G P R ENGINEERING. COLLEGE', 'KURNOOL', 'KNL', 'SVU', 'COED'),
(128, 'GRAP', 'GREEN ROYAL ACADEMY OF PHARM EDN SCI', 'KOYYALAGUDEM', 'WG', 'AU', 'COED'),
(129, 'GTMW', 'GOUTHAMI INST OF TECHNOLOGY MGMT FOR WOMEN', 'PRODDATUR', 'KDP', 'SVU', 'GIRLS'),
(130, 'GTNN', 'GEETHANJALI INST OF SCIENCE AND TECHNOLOGY', 'NELLORE', 'NLR', 'SVU', 'COED'),
(131, 'GVIC', 'GOLDEN VALLEY INTEGRATED CAMPUS', 'MADANAPALLE', 'CTR', 'SVU', 'COED'),
(132, 'GVIT', 'G V V R INSTITUTE OF TECHNOLOGY', 'BHIMAVARAM', 'WG', 'AU', 'COED'),
(133, 'GVPE', 'GAYATHRI VIDYA PARISHAD COLL. OF ENGINEERING', 'VISAKHAPATNAM', 'VSP', 'AU', 'COED'),
(134, 'GVPT', 'G V P COLLEGE FOR DEGREE AND PG COURSES', 'VISAKHAPATNAM', 'VSP', 'AU', 'COED'),
(135, 'GVPW', 'GAYATHRI VIDYA PARISHAD COLL OF ENGG FOR WOMEN', 'VISAKHAPATNAM', 'VSP', 'AU', 'GIRLS'),
(136, 'GVRS', 'G V R AND S COLLEGE OF ENGG. AND TECHNOLOGY', 'GUNTUR', 'GTR', 'AU', 'COED'),
(137, 'HICP', 'HINDU COLLEGE OF PHARMACY', 'GUNTUR', 'GTR', 'AU', 'COED'),
(138, 'HIND', 'HINDU COLLEGE OF ENGINEERING AND TECHNOLOGY', 'GUNTUR', 'GTR', 'AU', 'COED'),
(139, 'HITE', 'HELAPURI INST OF TECH AND SCIENCE', 'ELURU', 'WG', 'AU', 'COED'),
(140, 'IDEL', 'IDEAL INSTITUTE OF TECHNOLOGY', 'KAKINADA', 'EG', 'AU', 'COED'),
(141, 'INTL', 'INTELL ENGINEERING COLLEGE', 'ANANTAPURAMU', 'ATP', 'SVU', 'COED'),
(142, 'ISTS', 'INTERNATIONAL SCHOOL OF TECH AND SCI FOR WOMEN', 'RAJAHMUNDRY', 'EG', 'AU', 'GIRLS'),
(143, 'JAGN', 'JAGANS COLLEGE OF PHARMACY', 'NELLORE', 'NLR', 'SVU', 'COED'),
(144, 'JGNN', 'JAGANS COLLEGE OF ENGG AND TECHNOLOGY', 'NELLORE', 'NLR', 'SVU', 'COED'),
(145, 'JITE', 'JOGAIAH INST OF TECHNOLOGY AND SCI', 'PALAKOLE', 'WG', 'AU', 'COED'),
(146, 'JITS', 'JOGAIAH INST OF TECHNOLOGY AND SCI', 'PALAKOLE', 'WG', 'AU', 'COED'),
(147, 'JNKP', 'JNTUK COLLEGE OF PHARMACY', 'KAKINADA', 'EG', 'AU', 'COED'),
(148, 'JNTA', 'JNTUA COLLEGE OF ENGG. ANANTAPURAMU', 'ANANTAPURAMU', 'ATP', 'SVU', 'COED'),
(149, 'JNTC', 'JNTUA COLLEGE OF ENGINEERING', 'KALIKIRI', 'CTR', 'SVU', 'COED'),
(150, 'JNTK', 'JNTUK COLLEGE OF ENGG. KAKINADA', 'KAKINADA', 'EG', 'AU', 'COED'),
(151, 'JNTN', 'JNTUK COLLEGE OF ENGINEERING NARSARAOPETA', 'NARSARAOPET', 'GTR', 'AU', 'COED'),
(152, 'JNTP', 'JNTUA COLLEGE OF ENGG PULIVENDULA', 'PULIVENDULA', 'KDP', 'SVU', 'COED'),
(153, 'JNTV', 'JNTUK COLLEGE OF ENGINEERING VIZIANAGARAM', 'VIZIANAGARAM', 'VZM', 'AU', 'COED'),
(154, 'JNYP', 'ST.JOHNS COLLEGE OF PHARM SCI', 'YEMMIGANOOR', 'KNL', 'SVU', 'COED'),
(155, 'JONY', 'ST. JOHNS COLLEGE OF ENGG. AND TECHNOLOGY', 'YEMMIGANOOR', 'KNL', 'SVU', 'COED'),
(156, 'KCIT', 'KRISHNA CHAITANYA INST OF TECHNOLOGY AND SCIENCES', 'MARKAPUR', 'PKS', 'AU', 'COED'),
(157, 'KCPT', 'KORINGA COLLEGE OF PHARMACY', 'TALLAREVU', 'EG', 'AU', 'COED'),
(158, 'KCRP', 'K C REDDY COLLEGE OF PHARMACY', 'MEDIKONDURU', 'GTR', 'AU', 'COED'),
(159, 'KDEG', 'SRIKRISHNA DEVERAYA ENGINEERING COLLEGE', 'GOOTY', 'ATP', 'SVU', 'COED'),
(160, 'KECW', 'KRISHNAVENI ENGG COLLEGE FOR WOMEN', 'NARSARAOPET', 'GTR', 'AU', 'GIRLS'),
(161, 'KGRP', 'K G R L COLLEGE OF PHARMACY', 'BHIMAVARAM', 'WG', 'AU', 'COED'),
(162, 'KHIT', 'KALLAM HARANADH REDDY INST OF TECH', 'GUNTUR', 'GTR', 'AU', 'COED'),
(163, 'KIEK', 'KAKINADA INSTITUTE OF ENGG. AND TECHNOLOGY', 'KAKINADA', 'EG', 'AU', 'COED'),
(164, 'KIET', 'KAKINADA INSTITUTE OF ENGG. AND TECHNOLOGY', 'KAKINADA', 'EG', 'AU', 'COED'),
(165, 'KIEW', 'KAKINADA INST OF ENGG AND TECHNOLOGY FOR WOMEN', 'KAKINADA', 'EG', 'AU', 'GIRLS'),
(166, 'KISR', 'KAKINADA INSTITUTE OF TECHNOLOGY SCIENCES', 'RAMACHANDRAPURAM', 'EG', 'AU', 'COED'),
(167, 'KITS', 'KKR AND KSR INST OF TECHNOLOGY AND SCI', 'GUNTUR', 'GTR', 'AU', 'COED'),
(168, 'KJRP', 'K.J.R.COLLEGE OF PHARMACY', 'RAJAHMUNDRY', 'EG', 'AU', 'COED'),
(169, 'KKCT', 'KKC INSTITUTE OF TECHNOLOGY AND ENGINEERING', 'PUTTUR', 'CTR', 'SVU', 'COED'),
(170, 'KLMW', 'K.LAKSHUMMA MEMORIAL COLLEGE OF ENGG FOR WOMEN', 'KADAPA', 'KDP', 'SVU', 'GIRLS'),
(171, 'KMMT', 'KMM INST OF TECHNOLOGY AND SCIENCE', 'TIRUPATHI', 'CTR', 'SVU', 'COED'),
(172, 'KORK', 'KANDULA OBUL REDDY MEMORIAL COLL. OF ENGG.', 'KADAPA', 'KDP', 'SVU', 'COED'),
(173, 'KRUESF', 'KRISHNA UNIVERSITY COLLEGE OF ENGG AND TECHNOLOGY', 'MACHILIPATNAM', 'KRI', 'AU', 'COED'),
(174, 'KSRM', 'K S R M COLLEGE OF ENGINEERING', 'KADAPA', 'KDP', 'SVU', 'COED'),
(175, 'KTPT', 'KRISHNA TEJA PHARMACY COLLEGE', 'TIRUPATHI', 'CTR', 'SVU', 'COED'),
(176, 'KTSP', 'KAKINADA INSTITUTE OF TECHNOLOGY AND SCIENCE', 'DIVILI', 'EG', 'AU', 'COED'),
(177, 'KUPM', 'KUPPAM ENGINEERING COLLEGE', 'KUPPAM', 'CTR', 'SVU', 'COED'),
(178, 'KUSH', 'PYDAH KAUSHIK COLLEGE OF ENGINEERING', 'VISAKHAPATNAM', 'VSP', 'AU', 'COED'),
(179, 'KVSP', 'DR.K V SUBBA REDDY INST OF PHARMACY', 'KURNOOL', 'KNL', 'SVU', 'COED'),
(180, 'KVSR', 'DR.K.V.SUBBA REDDY INST. OF TECHNOLOGY', 'KURNOOL', 'KNL', 'SVU', 'COED'),
(181, 'KVSW', 'DR.K.V.SUBBA REDDYCOLL OF ENGG FOR WOMEN', 'KURNOOL', 'KNL', 'SVU', 'GIRLS'),
(182, 'LBCE', 'LAKIREDDY BALIREDDY COLLEGE OF ENGINEERING', 'MYLAVARAM', 'KRI', 'AU', 'COED'),
(183, 'LENO', 'LENORA COLLEGE OF ENGINEERING', 'RAMPACHODAVARAM', 'EG', 'AU', 'COED'),
(184, 'LIET', 'LENDI INST OF ENGG AND TECHNOLOGY', 'VIZIANAGARAM', 'VZM', 'AU', 'COED'),
(185, 'LIMT', 'LINGAYAS INST OF MGMT AND TECHNOLOGY', 'VIJAYAWADA', 'KRI', 'AU', 'COED'),
(186, 'LNCP', 'SRI LAKSHMI NARASIMHA COLLEGE OF PHARMACY', 'PALLURU', 'CTR', 'SVU', 'COED'),
(187, 'LOYL', 'LOYOLA INSTITUTE OF TECHNOLOGY AND MGMT', 'SATTENAPALLY', 'GTR', 'AU', 'COED'),
(188, 'LYDP', 'LYDIA COLLEGE OF PHARMACY', 'RAVULAPALEM', 'EG', 'AU', 'COED'),
(189, 'MAMN', 'M.A.M COLLEGE OF PHARMACY', 'NARSARAOPET', 'GTR', 'AU', 'COED'),
(190, 'MCPM', 'MAHATHI COLLEGE OF PHARMACY', 'NEAR MADANAPALLE RLY. STN', 'CTR', 'SVU', 'COED'),
(191, 'MHRJ', 'MAHARAJAHS COLLEGE PHARMACY', 'VIZIANAGARAM', 'VZM', 'AU', 'COED'),
(192, 'MICT', 'D VENKATARAMANA AND DR.HIMASEKHAR MIC COLL OF TECH', 'KANCHIKACHERLA', 'KRI', 'AU', 'COED'),
(193, 'MIET', 'MANDAVA INSTITUTE OF ENGG AND TECHNOLOGY', 'JAGGAIAHPETA', 'KRI', 'AU', 'COED'),
(194, 'MITS1', 'MADANAPALLY INSTITUTE OF TECHNOLOGY AND SCI-1st SHIFT', 'MADANAPALLE', 'CTR', 'SVU', 'COED'),
(195, 'MITS2', 'MADANAPALLY INSTITUTE OF TECHNOLOGY AND SCI-2nd SHIFT', 'MADANAPALLE', 'CTR', 'SVU', 'COED'),
(196, 'MJRT', 'MJR COLLEGE OF ENGG AND TECHNOLOGY', 'PILER', 'CTR', 'SVU', 'COED'),
(197, 'MLCP', 'MALINENI LAKSHMAIAH COLLEGE OF PHARMACY', 'SINGARAYAKONDA', 'PKS', 'AU', 'COED'),
(198, 'MLEC', 'MALINENI LAKSHMAIAH ENGINEERING COLLEGE', 'SINGARAYAKONDA', 'PKS', 'AU', 'COED'),
(199, 'MLEW', 'MALINENI LAKSHMAIAH WOMENS ENGG. COLLEGE', 'GUNTUR', 'GTR', 'AU', 'GIRLS'),
(200, 'MPES', 'MALINENI PERUMALLU EDNL SOC GROUP OF INSTNS', 'GUNTUR', 'GTR', 'AU', 'COED'),
(201, 'MPLG', 'SRI MITTAPALLI COLLEGE OF ENGINEERING', 'GUNTUR', 'GTR', 'AU', 'COED'),
(202, 'MPLW', 'SRI MITTAPALLI INST OF TECHNOLOGY FOR WOMEN', 'GUNTUR', 'GTR', 'AU', 'GIRLS'),
(203, 'MRCL', 'MIRACLE EDNL SOC GROUP OF INSTNS', 'BHOGAPURAM', 'VZM', 'AU', 'COED'),
(204, 'MRMU', 'MEKAPATI RAJA MOHAN REDDY INST OF TECH AND SCI.', 'UDAYAGIRI', 'NLR', 'SVU', 'COED'),
(205, 'MRNP', 'MRR COLLEGE OF PHARMACY NANDIGAMA', 'NANDIGAMA', 'KRI', 'AU', 'COED'),
(206, 'MTIE', 'MOTHER THERESA INST OF ENGG AND TECH', 'PALAMNER', 'CTR', 'SVU', 'COED'),
(207, 'MVRG', 'M V G R COLLEGE OF ENGINEERNG', 'VIZIANAGARAM', 'VZM', 'AU', 'COED'),
(208, 'MVRS', 'M.V.R.COLL OF ENGINEERING AND TECHNOLOGY', 'PARITALA', 'KRI', 'AU', 'COED'),
(209, 'NARN', 'NARAYANA ENGINEERING COLLEGE', 'NELLORE', 'NLR', 'SVU', 'COED'),
(210, 'NBKR', 'NBKR INSTITUTE OF SCI. AND TECHNOLOGY', 'VIDYANAGAR', 'NLR', 'SVU', 'COED'),
(211, 'NCPV', 'NOVA COLLEGE OF PHARM.EDN. AND RESEARCH', 'JUPUDI', 'KRI', 'AU', 'COED'),
(212, 'NEWT', 'NEWTON INSTITUTE OF ENGINEERING', 'MACHERLA', 'GTR', 'AU', 'COED'),
(213, 'NICP', 'NIRMALA COLLEGE OF PHARMACY', 'KADAPA', 'KDP', 'SVU', 'COED'),
(214, 'NIST', 'NARAYANADRI INST OF SCI TECHNOLOGY', 'RAJAMPETA', 'KDP', 'SVU', 'COED'),
(215, 'NITN', 'NARSARAOPET INSTITUTE OF TECHNOLOGY', 'NARSARAOPET', 'GTR', 'AU', 'COED'),
(216, 'NKGP', 'NRK AND KSR GUPTA COLLEGE OF PHARMACY', 'TENALI', 'GTR', 'AU', 'COED'),
(217, 'NLND', 'NALANDA INSTITUTE OF ENGG. AND TECHNOLOGY', 'SATTENAPALLY', 'GTR', 'AU', 'COED'),
(218, 'NOVP', 'NOVA COLLEGE OF PHARMACY', 'VEGAVARAM', 'WG', 'AU', 'COED'),
(219, 'NRIA', 'NRI INSTITUTE OF TECHNOLOGY', 'AGIRIPALLY', 'KRI', 'AU', 'COED'),
(220, 'NRIP', 'N R I COLLEGE OF PHARMACY', 'AGIRIPALLY', 'KRI', 'AU', 'COED'),
(221, 'NRIT', 'NRI INSTT OF TECHNOLOGY', 'GUNTUR', 'GTR', 'AU', 'COED'),
(222, 'NRML', 'NIRMALA COLL. OF PHARM', 'MANGALAGIRI', 'GTR', 'AU', 'COED'),
(223, 'NRNG', 'NARAYANA ENGINEERING COLLEGE', 'GUDUR', 'NLR', 'SVU', 'COED'),
(224, 'NRNP', 'NARAYANA PHARMACY COLLEGE', 'NELLORE', 'NLR', 'SVU', 'COED'),
(225, 'NSPE', 'NARSARAOPETA ENGINEERING COLLEGE', 'NARSARAOPET', 'GTR', 'AU', 'COED'),
(226, 'NSPP', 'NARSARAOPET INSTT. OF PHARM.SCI.', 'NARSARAOPET', 'GTR', 'AU', 'COED'),
(227, 'NSRT', 'NADIMPALLI SATYANARAYANA RAJU INSTITUTE OF TECHNOLOGY', 'VISAKHAPATNAM', 'VSP', 'AU', 'COED'),
(228, 'NVAV', 'NOVA COLLEGE OF ENGINEERING AND TECHNOLOGY', 'IBRAHIMPATNAM', 'KRI', 'AU', 'COED'),
(229, 'NVRT', 'N.V.R.COLLEGE OF ENGG TECHNOLOGY', 'TENALI', 'GTR', 'AU', 'COED'),
(230, 'OTRISF', 'JNTUA-OIL TECHNOLOGICAL RESEARCH INSTITUTE', 'ANANTAPURAMU', 'ATP', 'SVU', 'COED'),
(231, 'PACE', 'PACE INSTITUTE OF TECHNOLOGY AND SCIENCES', 'ONGOLE', 'PKS', 'AU', 'COED'),
(232, 'PBTP', 'PRABHAT INST OF PHARMACY', 'NANDYAL', 'KNL', 'SVU', 'COED'),
(233, 'PCEK', 'G.PULLAIAH COLL. OF ENGG. AND TECHNOLOGY', 'KURNOOL', 'KNL', 'SVU', 'COED'),
(234, 'PCET', 'PRASIDDHA COLLEGE OF ENGG TECHNOLOGY', 'ANATHAVARAM', 'EG', 'AU', 'COED'),
(235, 'PDCS', 'PRIYADARSHINI COLLEGE OF ENGINEERNG', 'SULLURPET', 'NLR', 'SVU', 'COED'),
(236, 'PDIT', 'PRIYADARSHINI INST OF TECHNOLOGY', 'TIRUPATHI', 'CTR', 'SVU', 'COED'),
(237, 'PINN', 'PRIYADARSHINI INST OF TECHNOLOGY', 'NELLORE', 'NLR', 'SVU', 'COED'),
(238, 'PIPR', 'PRIYADARSHINI INST OF PHARMACEUTICAL EDUCATION AND RESEARCH', 'GUNTUR', 'GTR', 'AU', 'COED'),
(239, 'PITT', 'PRIYADARSHINI INST. OF TECHNOLOGY AND SCIENCES', 'TENALI', 'GTR', 'AU', 'COED'),
(240, 'PKSK', 'PRAKASAM ENGINEERING COLLEGE', 'KANDKUR', 'PKS', 'AU', 'COED'),
(241, 'PNCV', 'P NAGAIAH CHOUDARY AND VIJAY INST OF ENGG AND TECH', 'GUNTUR', 'GTR', 'AU', 'COED'),
(242, 'PPDV', 'PALADUGU PARVATHI DEVI COLLEGE OF ENGG AND TECH', 'VIJAYAWADA', 'KRI', 'AU', 'COED'),
(243, 'PPSV', 'PRASAD V POTLURI SIDDHARTHA INSTT OF TECHNOLOGY', 'VIJAYAWADA', 'KRI', 'AU', 'COED'),
(244, 'PRAG', 'PRAGATI ENGINEERING COLLEGE', 'PEDDAPURAM', 'EG', 'AU', 'COED'),
(245, 'PRAG2', 'PRAGATI ENGINEERING COLLEGE-2nd SHIFT', 'PEDDAPURAM', 'EG', 'AU', 'COED'),
(246, 'PREC', 'DR PAUL RAJS ENGINEERING COLLEGE', 'BHADRACHALAM', 'EG', 'AU', 'COED'),
(247, 'PRIK', 'PRIYADARSHINI COLL OF ENGG. AND TECHNOLOGY', 'NELLORE', 'NLR', 'SVU', 'COED'),
(248, 'PRMP', 'P. RAMIREDDY MEMORIAL COLLEGE OF PHARMACY', 'KADAPA', 'KDP', 'SVU', 'COED'),
(249, 'PSCV', 'POTTI SRIRAMULU COLLEGE OF ENGG AND TECHNOLOGY', 'VIJAYAWADA', 'KRI', 'AU', 'COED'),
(250, 'PVKK', 'P.V.K.K. INSTITUTE OF TECHNOLOGY', 'ANANTAPURAMU', 'ATP', 'SVU', 'COED'),
(251, 'PYDA', 'PYDAH COLLEGE OF ENGG. AND TECHNOLOGY', 'VISAKHAPATNAM', 'VSP', 'AU', 'COED'),
(252, 'PYDE', 'PYDAH COLL OF ENGINEERING', 'KAKINADA', 'EG', 'AU', 'COED'),
(253, 'PYDP', 'PYDAH COLLEGE OF PHARMACY', 'KAKINADA', 'EG', 'AU', 'COED'),
(254, 'PYDT', 'PYDAH COLL OF DAIRY AND FOOD TECHNOLOGY', 'KAKINADA', 'EG', 'SW', 'COED'),
(255, 'QISE', 'QIS COLLEGE OF ENGG. AND TECHNOLOGY', 'ONGOLE', 'PKS', 'AU', 'COED'),
(256, 'QISE2', 'QIS COLLEGE OF ENGG. AND TECHNOLOGY-2nd SHIFT', 'ONGOLE', 'PKS', 'AU', 'COED'),
(257, 'QISP', 'QIS COLLEGE OF PHARMACY', 'ONGOLE', 'PKS', 'AU', 'COED'),
(258, 'QITO', 'QIS INSTITUTE OF TECHNOLOGY', 'ONGOLE', 'PKS', 'AU', 'COED'),
(259, 'RAGU', 'RAGHU ENGINEERING COLLEGE', 'BHEEMUNIPATNAM', 'VSP', 'AU', 'COED'),
(260, 'RAOS', 'RAOS COLLEGE OF PHARMACY', 'NELLORE', 'NLR', 'SVU', 'COED'),
(261, 'RAVW', 'RAVINDRA COLLEGE OF ENGG FOR WOMEN', 'KURNOOL', 'KNL', 'SVU', 'GIRLS'),
(262, 'RCEE', 'RAMACHANDRA COLLEGE OF ENGINEERING', 'ELURU', 'WG', 'AU', 'COED'),
(263, 'RCPV', 'RAGHU COLLEGE OF PHARMACY', 'BHIMUNIPATNAM', 'VSP', 'AU', 'COED'),
(264, 'RESN', 'RATHNAM INST OF PHARM', 'NELLORE', 'NLR', 'SVU', 'COED'),
(265, 'RGAN', 'RISE KRISHNA SAI GANDHI GROUP OF INSTITUTIONS', 'ONGOLE', 'PKS', 'AU', 'COED'),
(266, 'RGIT', 'RAJIV GANDHI MEMORIAL COLLEGE OF ENGG. AND TECH.', 'NANDYAL', 'KNL', 'SVU', 'COED'),
(267, 'RHLP', 'RAHUL COLLEGE OF PHARM. SCI AND RES', 'CHIRALA', 'PKS', 'AU', 'COED'),
(268, 'RIET', 'RAJAMAHENDRI INST OF ENGG AND TECHNOLOGY', 'RAJAHMUNDRY', 'EG', 'AU', 'COED'),
(269, 'RIPA', 'RAGHAVENDRA INST. OF PHARM. EDUCATION', 'ANANTAPURAMU', 'ATP', 'SVU', 'COED'),
(270, 'RITV', 'RAGHU INST. OF TECHNOLOGY', 'BHEEMUNIPATNAM', 'VSP', 'AU', 'COED'),
(271, 'RKCE', 'R.K.COLLEGE OF ENGINEERING', 'IBRAHIMPATNAM', 'KRI', 'AU', 'COED'),
(272, 'RNEC', 'RAO AND NAIDU ENGINEERING COLLEGE', 'ONGOLE', 'PKS', 'AU', 'COED'),
(273, 'RPRA', 'RISE KRISHNA SAI PRAKASAM GROUP OF INSTITUTIONS', 'ONGOLE', 'PKS', 'AU', 'COED'),
(274, 'RSRN', 'RAMIREDDY SUBBA RAMIREDDY ENGG COLLEGE', 'NELLORE', 'NLR', 'SVU', 'COED'),
(275, 'RVJC', 'R V R AND J C COLLEGE OF ENGINEERING', 'GUNTUR', 'GTR', 'AU', 'COED'),
(276, 'SAIP', 'SRI SAI COLLEGE OF PHARMACY', 'VIZIANAGARAM', 'VZM', 'AU', 'COED'),
(277, 'SANK', 'AUDHISANKARA COLLEGE OF ENGG. AND TECHNOLOGY', 'GUDUR', 'NLR', 'SVU', 'COED'),
(278, 'SAPV', 'ST.ANNS COLLEGE OF PHARAMACY', 'VIZIANAGARAM', 'VZM', 'AU', 'COED'),
(279, 'SASI', 'SASI INSTITUTE OF TECHNOLOGY AND ENGINEERING', 'TADEPALLIGUDEM', 'WG', 'AU', 'COED'),
(280, 'SATS', 'SRI ANNAMACHARYA INSTITUTE OF TECHNOLOGY AND SCIENCE', 'RAJAMPETA', 'KDP', 'SVU', 'COED'),
(281, 'SAVE', 'SANKETHIKA VIDYA PARISHAD ENGINEERING COLLEGE', 'VISAKHAPATNAM', 'VSP', 'AU', 'COED'),
(282, 'SCEC', 'SRI CHAITANYA ENGINEERING COLLEGE', 'VISAKHAPATNAM', 'VSP', 'AU', 'COED'),
(283, 'SCON', 'SAASTRA COLLEGE OF PHARM.EDN AND RES.', 'NELLORE', 'NLR', 'SVU', 'COED'),
(284, 'SCPB', 'SRI VISHNU COLLEGE OF PHARMACY', 'BHIMAVARAM', 'WG', 'AU', 'COED'),
(285, 'SCPK', 'SHARADA COLLEGE OF PHARMACEUTICAL SCI.S', 'NARSARAOPET', 'GTR', 'AU', 'COED'),
(286, 'SCPN', 'SWATHI COLLEGE OF PHARMACY', 'NELLORE', 'NLR', 'SVU', 'COED'),
(287, 'SCPY', 'SUJANA COLLEGE OF PHARMACY', 'VISAKHAPATNAM', 'VSP', 'AU', 'COED'),
(288, 'SDTN', 'SIDDHARTH INSTITUTE OF ENGG. AND TECHNOLOGY', 'PUTTUR', 'CTR', 'SVU', 'COED'),
(289, 'SEAT', 'SIDDARTHA EDNL ACADEMY GRP OF INSTNS', 'TIRUPATHI', 'CTR', 'SVU', 'COED'),
(290, 'SESP', 'SESHACHALA COLLEGE OF PHARMACY', 'PUTTUR', 'CTR', 'SVU', 'COED'),
(291, 'SEST', 'SESHACHALA INST OF TECHNOLOGY', 'PUTTUR', 'CTR', 'SVU', 'COED'),
(292, 'SFAP', 'SAFA COLLEGE OF PHARMACY', 'KURNOOL', 'KNL', 'SVU', 'COED'),
(293, 'SGIP', 'DR. SAMUEL GEORGE INSTITUTE OF PHARM. SCI.S', 'MARKAPUR', 'PKS', 'AU', 'COED'),
(294, 'SGIT', 'DR SAMUEL GEORGE INSTITUTE OF ENGG. AND TECHNOLOGY', 'MARKAPUR', 'PKS', 'AU', 'COED'),
(295, 'SGVP', 'SATYA INST OF TECHNOLOGY AND MGMT', 'VIZIANAGARAM', 'VZM', 'AU', 'COED'),
(296, 'SHCP', 'SEVEN HILLS COLLEGE OF PHARMACY', 'TIRUPATHI', 'CTR', 'SVU', 'COED'),
(297, 'SHRE', 'SHREE INST OF TECHNOLOGICAL EDUCATION', 'RENIGUNTA', 'CTR', 'SVU', 'COED'),
(298, 'SIEN', 'SRI SARATHI INSTITUTE OF ENGG. AND TECHNOLOGY', 'NUZVID', 'KRI', 'AU', 'COED'),
(299, 'SIET', 'SWARNANDHRA INST. OF ENGG AND TECHNOLOGY', 'NARSAPURAM', 'WG', 'AU', 'COED'),
(300, 'SIMH', 'SIMHADRI EDNL SOC GRP OF INSTNS', 'SABBAVARAM', 'VSP', 'AU', 'COED'),
(301, 'SIMS', 'SIMS COLLEGE OF PHARMACY', 'GUNTUR', 'GTR', 'AU', 'COED'),
(302, 'SIPN', 'SIDDHARTHA INST OF PHARM SCI', 'NARSARAOPET', 'GTR', 'AU', 'COED'),
(303, 'SIPP', 'SRINIVASA INST OF PHARM SCI', 'PRODDATUR', 'KDP', 'SVU', 'COED'),
(304, 'SIPS', 'NALANDA INST OF PHARM.SCI.', 'SATTENAPALLY', 'GTR', 'AU', 'COED'),
(305, 'SIST', 'SIDDHARTHA INST OF SCI AND TECHNOLOGY', 'PUTTUR', 'CTR', 'SVU', 'COED'),
(306, 'SITM', 'SARADA INSTITUTE OF SCI. TECHNOLOGY AND MGMT', 'SRIKAKULAM', 'SKL', 'AU', 'COED'),
(307, 'SITS', 'SRI SIVANI INSTITUTE OF TECHNOLOGY', 'SRIKAKULAM', 'SKL', 'AU', 'COED'),
(308, 'SITT', 'SAROJINI INST OF TECHNOLOGY', 'TELAPROLU', 'KRI', 'AU', 'COED'),
(309, 'SKHE', 'SRI KALAHASTISWARA INSTITUTE OF TECHNOLOGY', 'SRI KALAHASTHI', 'CTR', 'SVU', 'COED'),
(310, 'SKUASF', 'SRI KRISHNADEVARAYA UNIV.COLL.OF ENG.- SELF FINANCE', 'ANANTAPURAMU', 'ATP', 'SVU', 'COED'),
(311, 'SKUPSF', 'SKU COLL OF PHARMCEUTICAL SCIENCE-SELF FINANCE', 'ANANTAPURAMU', 'ATP', 'SVU', 'COED'),
(312, 'SLVP', 'SRI LAKSHMI VENKATESWARA INST OF PHARM SCI', 'PRODDATUR', 'KDP', 'SVU', 'COED'),
(313, 'SMCP', 'ST. MARYS COLL. PHARM SURAMPALEM', 'PEDDAPURAM', 'EG', 'AU', 'COED'),
(314, 'SPCN', 'SRI SIDDHAARTHA PHARM. COLLEGE', 'NUZVID', 'KRI', 'AU', 'COED'),
(315, 'SPCT', 'SRI PRAKASH COLLEGE OF ENGINEERING', 'TUNI', 'EG', 'AU', 'COED'),
(316, 'SPMS', 'INST. OF PHARM. TECH. S P MAHILA VISWA VIDYALAYAM', 'TIRUPATHI', 'CTR', 'SW', 'GIRLS'),
(317, 'SPMUSF', 'SCHOOL OF ENGG. TECH. SPMVV - SELF FINANCE', 'TIRUPATHI', 'CTR', 'SW', 'GIRLS'),
(318, 'SPSP', 'SRI PADMAVATHI SCHOOL OF PHARMACY', 'TIRUPATHI', 'CTR', 'SVU', 'COED'),
(319, 'SRCN', 'SANTHIRAM COLLEGE OF PHARMACY', 'NANDYAL', 'KNL', 'SVU', 'COED'),
(320, 'SREC', 'SANTHIRAM ENGINEERING COLLEGE', 'NANDYAL', 'KNL', 'SVU', 'COED'),
(321, 'SRES', 'SHREE RAMA EDNL SOC GRP OF INSTNS', 'TIRUPATI', 'CTR', 'SVU', 'COED'),
(322, 'SRET', 'SREE RAMA ENGINEERING COLLEGE', 'TIRUPATHI', 'CTR', 'SVU', 'COED'),
(323, 'SRIN', 'SRINIVASA INST OF ENGG AND TECHNOLOGY', 'CHEYYERU', 'EG', 'AU', 'COED'),
(324, 'SRIP', 'SAI RAJESWARI INSTITUTE OF TECHNOLOGY', 'PRODDATUR', 'KDP', 'SVU', 'COED'),
(325, 'SRIT', 'SRINIVASA RAMANUJAN INST OF TECHNOLOGY', 'ANANTAPURAMU', 'ATP', 'SVU', 'COED'),
(326, 'SRKI', 'S R K INST. OF TECHNOLOGY', 'VIJAYAWADA', 'KRI', 'AU', 'COED'),
(327, 'SRKR', 'S R K R ENGINEERING COLLEGE', 'BHIMAVARAM', 'WG', 'AU', 'COED'),
(328, 'SRKR2', 'S R K R ENGINEERING COLLEGE-2ND SHIFT', 'BHIMAVARAM', 'WG', 'AU', 'COED'),
(329, 'SRPS', 'SANKAR REDDY INST OF PHARM SCI', 'BESTAVARIPETA', 'PKS', 'AU', 'COED'),
(330, 'SRPV', 'SRINIVASA RAO COLL. OF PHARMACY', 'VISAKHAPATNAM', 'VSP', 'AU', 'COED'),
(331, 'SRSR', 'SRI SAI INSTITUTE OF TECHNOLOGY. AND SCI.', 'RAYCHOTI', 'KDP', 'SVU', 'COED'),
(332, 'SRTS', 'SRINIVASA INST OF TECHNOLOGY SCIENCE', 'KADAPA', 'KDP', 'SVU', 'COED'),
(333, 'SRVT', 'SRI RAGHAVENDRA INST OF TECHNOLOGY AND SCI.', 'VINJAMUR', 'NLR', 'SVU', 'COED'),
(334, 'SSCC', 'SRINIVASA INSTITUTE OF TECHNOLOGY AND MANG STUDIES', 'CHITTOOR', 'CTR', 'SVU', 'COED'),
(335, 'SSCE', 'SRI SIVANI COLLEGE OF ENGINEERING', 'SRIKAKULAM', 'SKL', 'AU', 'COED'),
(336, 'SSCP', 'SRI SIVANI COLLEGE OF PHARMACY', 'SRIKAKULAM', 'SKL', 'AU', 'COED'),
(337, 'SSMR', 'SRI SAI MADHAVI INSTITUTE OF SCIENCE AND TECHNOLOGY', 'RAJAHMUNDRY', 'EG', 'AU', 'COED'),
(338, 'SSNE', 'SRI SATYANARAYANA ENGINEERING COLLEGE', 'ONGOLE', 'PKS', 'AU', 'COED'),
(339, 'SSSE', 'SANSKRITHI SCHOOL OF ENGINEERING', 'PUTAPARTHI', 'ATP', 'SVU', 'COED'),
(340, 'SSSS', 'SHRI SHIRDI SAI INST OF SCI AND ENGG', 'ANANTAPURAMU', 'ATP', 'SVU', 'COED'),
(341, 'STEN', 'SAI TIRUMALA N V R ENGINEERING COLLEGE', 'NARSARAOPET', 'GTR', 'AU', 'COED'),
(342, 'STMV', 'SANKETHIKA INST OF TECHNOLOGY MANAGEMENT', 'VISAKHAPATNAM', 'VSP', 'AU', 'COED'),
(343, 'SUNL', 'SRI SUNFLOWER COLLEGE OF ENGG AND TECHNOLOGY', 'LANKAPALLI', 'KRI', 'AU', 'COED'),
(344, 'SUNP', 'SUN INST OF PHARM EDN AND RESEARCH', 'NELLORE', 'NLR', 'SVU', 'COED'),
(345, 'SVCE', 'SRI VENKATESWARA COLL OF ENGINEERING', 'TIRUPATHI', 'CTR', 'SVU', 'COED'),
(346, 'SVCK', 'SRI VENKATESWARA COLLEGE OF ENGINEERING', 'KADAPA', 'KDP', 'SVU', 'COED'),
(347, 'SVCN', 'SREE VENKATESWARA COLL OF ENGG', 'NELLORE', 'NLR', 'SVU', 'COED'),
(348, 'SVCP', 'SRI VENKATESWARA COLLEGE OF PHARMACY', 'CHITTOOR', 'CTR', 'SVU', 'COED'),
(349, 'SVCT', 'SRI VENKATESWARA COLLEGE OF ENGG. AND TECHNOLOGY', 'CHITTOOR', 'CTR', 'SVU', 'COED'),
(350, 'SVEB', 'SWAMY VIVEKANANDA ENGINEERING COLLEGE', 'BOBBILI', 'VZM', 'AU', 'COED'),
(351, 'SVET', 'SRI VASAVI INSTT OF ENGINEERING AND TECHNOLOGY', 'PEDANA', 'KRI', 'AU', 'COED'),
(352, 'SVEW', 'SRI VENKATESWARA ENGG COLLEGE FOR WOMEN', 'TIRUPATHI', 'CTR', 'SVU', 'GIRLS'),
(353, 'SVHE', 'D M S S V H COLLEGE OF ENGINEERING', 'MACHILIPATNAM', 'KRI', 'AU', 'COED'),
(354, 'SVIK', 'SRI VENKATESWARA INSTT. OF SCIENCE AND TECHNOLOGY', 'KADAPA', 'KDP', 'SVU', 'COED'),
(355, 'SVIT', 'SRI VENKATESWARA INST OF TECHNOLOGY', 'ANANTAPURAMU', 'ATP', 'SVU', 'COED'),
(356, 'SVNE', 'SRI VIDYA NIKETAN ENGINEERING COLLEGE', 'RANGAMPETA', 'CTR', 'SVU', 'COED'),
(357, 'SVPP', 'SRI VENKATESA PERUMAL COLLEGE OF ENGG. AND TECH', 'PUTTUR', 'CTR', 'SVU', 'COED'),
(358, 'SVTM', 'SIR VISHVESHWARAIAH INST OF SCIENCE AND TECHNOLOGY', 'MADANAPALLE', 'CTR', 'SVU', 'COED'),
(359, 'SVUC', 'S V U COLLEGE OF ENGG. TIRUPATHI', 'TIRUPATHI', 'CTR', 'SVU', 'COED'),
(360, 'SVUPSF', 'S V UNIVERSITY COLLEGE OF SCIENCES', 'TIRUPATHI', 'CTR', 'SVU', 'COED'),
(361, 'SWRN', 'SWARNANDHRA COLL. OF ENGG AND TECHNOLOGY', 'NARSAPURAM', 'WG', 'AU', 'COED'),
(362, 'SWRN2', 'SWARNANDHRA COLL. OF ENGG AND TECH-2nd SHIFT', 'NARSAPURAM', 'WG', 'AU', 'COED'),
(363, 'SWTS', 'SWETHA INSTITUTE OF TECHNOLOGY AND SCIENCE', 'TIRUPATHI', 'CTR', 'SVU', 'COED'),
(364, 'TECH', 'TADIPATRI ENGG COLLEGE', 'TADIPATRI', 'ATP', 'SVU', 'COED'),
(365, 'TMLN', 'TIRUMALA ENGINEERING COLLEGE', 'NARSARAOPET', 'GTR', 'AU', 'COED'),
(366, 'TPIB', 'THANDRA PAPARAYA INSTITUTE OF SCI. AND TECHNOLOGY', 'BOBBILI', 'VZM', 'AU', 'COED'),
(367, 'UNIV', 'UNIVERSAL COLLEGE OF ENGG AND TECHNOLOGY', 'GUNTUR', 'GTR', 'AU', 'COED'),
(368, 'URCE', 'USHA RAMA COLL OF ENGG AND TECHNOLOGY', 'TELAPROLU', 'KRI', 'AU', 'COED'),
(369, 'VANI', 'SRI VANI EDN SOC GRP SCHOOL OF INSTITUTIONS', 'VIJAYAWADA', 'KRI', 'AU', 'COED'),
(370, 'VBCP', 'VISWA BHARATHI COLLEGE OF PHARMACEUTICAL SCI.S', 'GUNTUR', 'GTR', 'AU', 'COED'),
(371, 'VBIT', 'VIGNANA BHARATHI INST OF TECHNOLOGY', 'PRODDATUR', 'KDP', 'SVU', 'COED'),
(372, 'VCKV', 'VISVODAYA ENGINEERING COLLEGE', 'KAVALI', 'NLR', 'SVU', 'COED'),
(373, 'VCPG', 'VAGDEVI COLLEGE OF PHARMACY', 'GURAZALA', 'GTR', 'AU', 'COED'),
(374, 'VCTN', 'VIKAS COLLEGE OF ENGINEERING AND TECHNOLOGY', 'VIJAYAWADA', 'KRI', 'AU', 'COED'),
(375, 'VDPN', 'VAGDEVI COLL. OF PHARM. AND RESEARCH CENTRE', 'BRAHMADEVAM', 'NLR', 'SVU', 'COED'),
(376, 'VEMU', 'VEMU INSTITUTE OF TECHNOLOGY', 'CHITTOOR', 'CTR', 'SVU', 'COED'),
(377, 'VETS', 'SR VENKATESWARA COLL OF ENGINEERING', 'SRIKAKULAM', 'SKL', 'AU', 'COED'),
(378, 'VGTN', 'VIKAS GROUP OF INSTITUTIONS', 'VIJAYAWADA RURAL', 'KRI', 'AU', 'COED'),
(379, 'VHNI', 'SREE VAHINI INSTT OF SCIENCE AND TECHNOLOGY', 'TIRUVURU', 'KRI', 'AU', 'COED'),
(380, 'VICG', 'VICTORIA COLLEGE OF PHARMACY', 'GUNTUR', 'GTR', 'AU', 'COED'),
(381, 'VIEW', 'VIGNANS INSTT OF ENGINEERING FOR WOMEN', 'VISAKHAPATNAM', 'VSP', 'AU', 'GIRLS'),
(382, 'VIKS', 'VIKAS COLL. OF PHARMACY', 'VISSANNAPETA', 'KRI', 'AU', 'COED'),
(383, 'VIPV', 'VIGNAN INST.OF PHARM.', 'VISAKHAPATNAM', 'VSP', 'AU', 'COED'),
(384, 'VIPW', 'VIJAYA INST OF PHARM SCI FOR WOMEN', 'VIJAYAWADA', 'KRI', 'AU', 'GIRLS'),
(385, 'VIST', 'SRI VENKATESWARA INST OF SCI AND INFO.TECHNOLOGY', 'TADEPALLIGUDEM', 'WG', 'AU', 'COED'),
(386, 'VISW', 'SHRI VISHNU ENGG. COLLEGE FOR WOMEN', 'BHIMAVARAM', 'WG', 'AU', 'GIRLS'),
(387, 'VITB', 'VISHNU GRP OF INSTNS - VISHNU INST OF TECHNOLOGY', 'BHIMAVARAM', 'WG', 'AU', 'COED'),
(388, 'VITK', 'P B R VISVODAYA INSTITUTE OF TECHNOLOGY AND SCI.', 'KAVALI', 'NLR', 'SVU', 'COED'),
(389, 'VITS', 'VAAGDEVI INSTITUTE OF TECHNOLOGY. AND SCI.', 'PRODDATUR', 'KDP', 'SVU', 'COED'),
(390, 'VITT', 'VAISHNAVI INST OF TECHNOLOGY', 'TIRUPATHI', 'CTR', 'SVU', 'COED'),
(391, 'VITW', 'VIJAYA INST. OF TECHNOLOGY FOR WOMEN', 'VIJAYAWADA', 'KRI', 'AU', 'GIRLS'),
(392, 'VIVP', 'VIGNANS INSTITUTE OF INFORMATION TECHNOLOGY', 'VISAKHAPATNAM', 'VSP', 'AU', 'COED'),
(393, 'VIZB', 'VIZAG INSTT OF TECHNOLOGY', 'BHEEMUNIPATNAM', 'VSP', 'AU', 'COED'),
(394, 'VJCP', 'V JS COLLEGE OF PHARMACY', 'RAJAHMUNDRY', 'EG', 'AU', 'COED'),
(395, 'VKRT', 'SRI V.KRISHNAM RAJU COLL OF ENGG AND TECHNOLOGY', 'BHIMAVARAM', 'WG', 'AU', 'COED'),
(396, 'VKSR', 'VIKAS INST. OF PHARM.SCI.', 'RAJAHMUNDRY', 'EG', 'AU', 'COED'),
(397, 'VLIT', 'VIGNANS LARA INST. OF TECHNOLOGY AND SCI', 'VADLAMUDI', 'GTR', 'AU', 'COED'),
(398, 'VNCP', 'SRIVIDYA NIKETHAN COLLEGE OF PHARMACY', 'RANGAMPETA', 'CTR', 'SVU', 'COED'),
(399, 'VNIP', 'VISWANATHA INST OF PHARM SCI', 'VISAKHAPATNAM', 'VSP', 'AU', 'COED'),
(400, 'VNIW', 'VIGNANS NIRULA INST OF TECH. AND SCI FOR WOMEN', 'GUNTUR', 'GTR', 'AU', 'GIRLS'),
(401, 'VNKS', 'SRI VENKATESWARA COLLEGE OF PHARMACY', 'SRIKAKULAM', 'SKL', 'AU', 'COED'),
(402, 'VNRC', 'VELAGA NAGESWARA RAO COLL OF ENGINEERING', 'PONNUR', 'GTR', 'AU', 'COED'),
(403, 'VPCV', 'VIGNAN PHARMACY COLLEGE', 'VADLAMUDI', 'GTR', 'AU', 'COED'),
(404, 'VRSE', 'V R SIDDHARTHA ENGINEERING COLLEGE', 'VIJAYAWADA', 'KRI', 'AU', 'COED'),
(405, 'VRSP', 'K V S R SIDDHARTHA COLLEGE OF PHARMACEUTICAL SCI.S', 'VIJAYAWADA', 'KRI', 'AU', 'COED'),
(406, 'VSLW', 'V.S.LAKSHMI ENGG COLLEGE FOR WOMEN', 'KAKINADA', 'EG', 'AU', 'GIRLS'),
(407, 'VSMR', 'V.S.M COLLEGE OF ENGINEERING', 'RAMACHANDRAPURAM', 'EG', 'AU', 'COED'),
(408, 'VSPP', 'VASAVI INST OF PHARM SCIENCES', 'BHAKARAPET RLY STN', 'KDP', 'SVU', 'COED'),
(409, 'VSPT', 'VISAKHA INST OF ENGG AND TECHNOLOGY', 'VISAKHAPATNAM', 'VSP', 'AU', 'COED'),
(410, 'VSVP', 'SRI VASAVI INST. OF PHARM. SCI.', 'TADEPALLIGUDEM', 'WG', 'AU', 'COED'),
(411, 'VSVT', 'SRI VASAVI ENGINEERING COLLEGE', 'TADEPALLIGUDEM', 'WG', 'AU', 'COED'),
(412, 'VTEC', 'VISAKHA TECHNICAL CAMPUS', 'VISAKHAPATNAM', 'VSP', 'AU', 'COED'),
(413, 'VTMV', 'VISWANADHA INSTITUTE OF TECHNOLOGY AND MGMT', 'VISAKHAPATNAM', 'VSP', 'AU', 'COED'),
(414, 'VVGV', 'VKR VNB AND AGK ENGINEERING COLLEGE', 'GUDIVADA', 'KRI', 'AU', 'COED'),
(415, 'VVIP', 'VALLABHANENI VENKATADRI INST OF PHARM SCIENCES', 'GUDLAVALLERU', 'KRI', 'AU', 'COED'),
(416, 'VVIT', 'VASIREDDY VENKATADRI INST. OF TECHNOLOGY', 'GUNTUR', 'GTR', 'AU', 'COED'),
(417, 'WISE', 'WEST GODAVARI INSTT OF SCIENCE AND ENGINEERING', 'NALLAJERLA', 'WG', 'AU', 'COED'),
(418, 'WSTM', 'WELLFARE INST OF SCIENCE TECH AND MGMT', 'PINAGADI', 'VSP', 'AU', 'COED'),
(419, 'XAVP', 'ST XAVIER INST OF PHARMACY', 'GUNTUR', 'GTR', 'AU', 'COED'),
(420, 'YGVU', 'YGVU YSR ENGINEERING COLLEGE', 'PRODDATUR', 'KDP', 'SVU', 'COED'),
(421, 'YITS', 'YOGANANDA INST OF TECHNOLOGYAND SCIENCE', 'TIRUPATHI', 'CTR', 'SVU', 'COED'),
(422, 'YLMV', 'YELAMARTY B. PHARMACY COLLEGE', 'VISAKHAPATNAM', 'VSP', 'AU', 'COED');

-- --------------------------------------------------------

--
-- Table structure for table `anveshana_events`
--

CREATE TABLE `anveshana_events` (
  `event_id` bigint(20) NOT NULL,
  `event_name` varchar(255) NOT NULL,
  `event_type` varchar(255) NOT NULL,
  `event_cost` int(11) NOT NULL,
  `created_by` varchar(255) NOT NULL
) ENGINE=InnoDB DEFAULT CHARSET=latin1;

--
-- Dumping data for table `anveshana_events`
--

INSERT INTO `anveshana_events` (`event_id`, `event_name`, `event_type`, `event_cost`, `created_by`) VALUES
(1, 'TREASURE HUNT', 'CENTRAL', 100, '16K61A05G7'),
(2, 'CRAZY ROCKET', 'CENTRAL', 100, '16K61A05G7'),
(3, 'QUICK SAND', 'CENTRAL', 100, '16K61A05G7'),
(4, 'MR.POWER', 'CENTRAL', 100, '16K61A05G7'),
(5, 'RC FOOT BALL', 'CENTRAL', 100, '16K61A05G7'),
(6, 'F2', 'CENTRAL', 100, '16K61A05G7'),
(7, 'VIDEO & SONG DEDICATION', 'CENTRAL', 100, '16K61A05G7'),
(8, 'SELFIE CONTEST', 'CENTRAL', 100, '16K61A05G7'),
(9, 'MISS VIGOR', 'CENTRAL', 100, '16K61A05G7'),
(10, 'SOS', 'CENTRAL', 100, '16K61A05G7'),
(11, 'BLINDFOLD', 'CENTRAL', 100, '16K61A05G7'),
(12, 'DANCE', 'CULTURAL', 100, '16K61A05G7'),
(13, 'SINGING', 'CULTURAL', 100, '16K61A05G7'),
(14, 'RAMP WALK', 'CULTURAL', 100, '16K61A05G7'),
(15, 'PHOTOGRAPHY', 'CULTURAL', 100, '16K61A05G7'),
(16, 'CRAFT FAIR', 'CULTURAL', 100, '16K61A05G7'),
(17, 'CREATIVE WRITING', 'CULTURAL', 100, '16K61A05G7'),
(18, 'I GOT TALENT', 'CULTURAL', 100, '16K61A05G7'),
(19, 'SHORT FILM', 'CULTURAL', 100, '16K61A05G7'),
(20, 'PAPER PRESENTATION', 'CIVIL', 100, '16K61A05G7'),
(21, 'POSTER PRESENTATION', 'CIVIL', 100, '16K61A05G7'),
(22, 'PROJECT EXPO', 'CIVIL', 100, '16K61A05G7'),
(23, 'TECHNICAL QUIZ', 'CIVIL', 100, '16K61A05G7'),
(24, 'IDEA BUCKET', 'CIVIL', 100, '16K61A05G7'),
(25, 'CAD RAW', 'CIVIL', 100, '16K61A05G7'),
(26, 'TALL STRUCTURES', 'CIVIL', 100, '16K61A05G7'),
(27, 'SPOT EVENT (BRICK MASONRY)', 'CIVIL', 100, '16K61A05G7'),
(28, 'PAPER PRESENTATION', 'EEE', 100, '16K61A05G7'),
(29, 'POSTER PRESENTATION', 'EEE', 100, '16K61A05G7'),
(30, 'PROJECT EXPO', 'EEE', 100, '16K61A05G7'),
(31, 'TECHNICAL QUIZ', 'EEE', 100, '16K61A05G7'),
(32, 'TECHNICAL PUZZLE', 'EEE', 100, '16K61A05G7'),
(33, 'IDEA BUCKET', 'EEE', 100, '16K61A05G7'),
(34, 'PAPER PRESENTATION', 'MECH', 100, '16K61A05G7'),
(35, 'POSTER PRESENTATION', 'MECH', 100, '16K61A05G7'),
(36, 'PROJECT EXPO', 'MECH', 100, '16K61A05G7'),
(37, 'TECHNICAL QUIZ', 'MECH', 100, '16K61A05G7'),
(38, 'IDEA BUCKET', 'MECH', 100, '16K61A05G7'),
(39, 'CAD CONTEST', 'MECH', 100, '16K61A05G7'),
(40, 'MACHINO', 'MECH', 100, '16K61A05G7'),
(41, 'LATHE MASTER', 'MECH', 100, '16K61A05G7'),
(42, 'PAPER PRESENTATION', 'ECE', 100, '16K61A05G7'),
(43, 'POSTER PRESENTATION', 'ECE', 100, '16K61A05G7'),
(44, 'PROJECT EXPO', 'ECE', 100, '16K61A05G7'),
(45, 'TECHNICAL QUIZ', 'ECE', 100, '16K61A05G7'),
(46, 'IDEA BUCKET', 'ECE', 100, '16K61A05G7'),
(47, 'CODING CONTEST', 'ECE', 100, '16K61A05G7'),
(48, 'CIRCUIT-MANIA', 'ECE', 100, '16K61A05G7'),
(49, 'E-CUBIC', 'ECE', 100, '16K61A05G7'),
(50, 'PAPER PRESENTATION', 'CSE', 100, '16K61A05G7'),
(51, 'POSTER PRESENTATION', 'CSE', 100, '16K61A05G7'),
(52, 'PROJECT EXPO', 'CSE', 100, '16K61A05G7'),
(53, 'TECHNICAL QUIZ', 'CSE', 100, '16K61A05G7'),
(54, 'IDEA BUCKET', 'CSE', 100, '16K61A05G7'),
(55, 'DEBUGGING CONTEST', 'CSE', 100, '16K61A05G7'),
(56, 'CODING CONTEST', 'CSE', 100, '16K61A05G7'),
(57, 'PAPER PRESENTATION', 'IT', 100, '16K61A05G7'),
(58, 'POSTER PRESENTATION', 'IT', 100, '16K61A05G7'),
(59, 'PROJECT EXPO', 'IT', 100, '16K61A05G7'),
(60, 'TECHNICAL QUIZ', 'IT', 100, '16K61A05G7'),
(61, 'IDEA BUCKET', 'IT', 100, '16K61A05G7'),
(62, 'CODING CONTEST', 'IT', 100, '16K61A05G7'),
(63, 'YOUNG MANAGER', 'MS', 100, '16K61A05G7'),
(64, 'STOCK GAME', 'MS', 100, '16K61A05G7'),
(65, 'BUSINESS QUIZ', 'MS', 100, '16K61A05G7'),
(66, 'BUSINESS PLAN', 'MS', 100, '16K61A05G7'),
(67, 'AD-MAKING', 'MS', 100, '16K61A05G7'),
(68, 'VOLLEY BALL', 'SPORTS', 900, '16K61A05G7'),
(69, 'THROW BALL', 'SPORTS', 900, '16K61A05G7'),
(70, 'TABLE TENNIS', 'SPORTS', 900, '16K61A05G7'),
(71, 'TENNICOIT', 'SPORTS', 900, '16K61A05G7'),
(72, 'CARROMS', 'SPORTS', 900, '16K61A05G7'),
(73, 'CHESS', 'SPORTS', 900, '16K61A05G7'),
(74, 'KABADDI', 'SPORTS', 900, '16K61A05G7');

-- --------------------------------------------------------

--
-- Table structure for table `anveshana_participants`
--

CREATE TABLE `anveshana_participants` (
  `HTNO` varchar(15) NOT NULL,
  `FIRSTNAME` varchar(100) NOT NULL,
  `LASTNAME` varchar(100) NOT NULL,
  `GENDER` varchar(10) NOT NULL,
  `COURSE` varchar(10) NOT NULL,
  `DEPARTMENT` varchar(10) NOT NULL,
  `YEAR` varchar(10) NOT NULL,
  `COLLEGE` varchar(150) NOT NULL,
  `EMAIL` varchar(100) NOT NULL,
  `MOBILE` varchar(15) NOT NULL,
  `timestamp` timestamp NOT NULL DEFAULT CURRENT_TIMESTAMP
) ENGINE=InnoDB DEFAULT CHARSET=latin1;

--
-- Dumping data for table `anveshana_participants`
--

INSERT INTO `anveshana_participants` (`HTNO`, `FIRSTNAME`, `LASTNAME`, `GENDER`, `COURSE`, `DEPARTMENT`, `YEAR`, `COLLEGE`, `EMAIL`, `MOBILE`, `timestamp`) VALUES
('16K61A05G7', 'VIJAYA GOPINADH REDDY', 'VELAGALA', 'male', 'B.Tech', 'CSE', 'III', 'SASI INSTITUTE OF TECHNOLOGY AND ENGINEERING', 'gopinadh5g7@sasi.ac.in', '9949582550', '2019-02-16 07:22:27'),
('CSE', '', '', '', '', '', '', '', '', '', '2019-02-16 11:38:24'),
('ECE', '', '', '', '', '', '', '', '', '', '2019-02-16 11:38:40');

-- --------------------------------------------------------

--
-- Table structure for table `anveshana_registration`
--

CREATE TABLE `anveshana_registration` (
  `HTNO` varchar(15) NOT NULL,
  `event_id` bigint(20) NOT NULL,
  `amount` varchar(100) NOT NULL,
  `status` tinyint(1) NOT NULL,
  `timestamp` timestamp NOT NULL DEFAULT CURRENT_TIMESTAMP
) ENGINE=InnoDB DEFAULT CHARSET=latin1;

-- --------------------------------------------------------

--
-- Table structure for table `anveshana_roles`
--

CREATE TABLE `anveshana_roles` (
  `role_id` bigint(20) NOT NULL,
  `role_name` varchar(255) NOT NULL
) ENGINE=InnoDB DEFAULT CHARSET=latin1;

--
-- Dumping data for table `anveshana_roles`
--

INSERT INTO `anveshana_roles` (`role_id`, `role_name`) VALUES
(1, 'ADMIN'),
(2, 'MODERATOR'),
(3, 'COORDINATOR'),
(4, 'ORGANISER'),
(5, 'USER');

-- --------------------------------------------------------

--
-- Table structure for table `anveshana_role_services`
--

CREATE TABLE `anveshana_role_services` (
  `role_id` bigint(20) NOT NULL,
  `service_id` bigint(20) NOT NULL
) ENGINE=InnoDB DEFAULT CHARSET=latin1;

--
-- Dumping data for table `anveshana_role_services`
--

INSERT INTO `anveshana_role_services` (`role_id`, `service_id`) VALUES
(1, 2),
(1, 3),
(1, 4),
(1, 5),
(1, 7),
(2, 1),
(2, 2),
(2, 3),
(2, 7),
(3, 5),
(3, 7),
(4, 7),
(5, 4);

-- --------------------------------------------------------

--
-- Table structure for table `anveshana_services`
--

CREATE TABLE `anveshana_services` (
  `service_id` bigint(20) NOT NULL,
  `service_name` varchar(255) NOT NULL
) ENGINE=InnoDB DEFAULT CHARSET=latin1;

--
-- Dumping data for table `anveshana_services`
--

INSERT INTO `anveshana_services` (`service_id`, `service_name`) VALUES
(1, 'HOME'),
(2, 'USERS'),
(3, 'EVENTS'),
(4, 'PAYMENT'),
(5, 'ALERT'),
(7, 'REPORTS');

-- --------------------------------------------------------

--
-- Table structure for table `anveshana_transactions`
--

CREATE TABLE `anveshana_transactions` (
  `transaction` bigint(20) NOT NULL,
  `transaction_id` varchar(255) DEFAULT NULL,
  `HTNO` varchar(15) DEFAULT NULL,
  `amount` double NOT NULL,
  `timestamp` timestamp NOT NULL DEFAULT CURRENT_TIMESTAMP
) ENGINE=InnoDB DEFAULT CHARSET=latin1;

-- --------------------------------------------------------

--
-- Table structure for table `anveshana_users`
--

CREATE TABLE `anveshana_users` (
  `username` varchar(10) NOT NULL,
  `password` varchar(255) NOT NULL DEFAULT 'a48baea16e7e1194826a8a2366f84e6f',
  `role_id` bigint(20) NOT NULL,
  `timestamp` timestamp NOT NULL DEFAULT CURRENT_TIMESTAMP
) ENGINE=InnoDB DEFAULT CHARSET=latin1;

--
-- Dumping data for table `anveshana_users`
--

INSERT INTO `anveshana_users` (`username`, `password`, `role_id`, `timestamp`) VALUES
('16K61A05G7', '22c14f311a60486b36f79f3bc962be66', 1, '2019-02-16 07:24:19'),
('CSE', 'aa6bfe8bcf6eb51f7e158d8e5101fb71', 2, '2019-02-16 11:38:59'),
('ECE', '98defd6ee70dfb1dea416cecdf391f58', 3, '2019-02-16 11:38:59');

--
-- Indexes for dumped tables
--

--
-- Indexes for table `anveshana_events`
--
ALTER TABLE `anveshana_events`
  ADD PRIMARY KEY (`event_id`);

--
-- Indexes for table `anveshana_participants`
--
ALTER TABLE `anveshana_participants`
  ADD PRIMARY KEY (`HTNO`),
  ADD UNIQUE KEY `HTNO` (`HTNO`);

--
-- Indexes for table `anveshana_registration`
--
ALTER TABLE `anveshana_registration`
  ADD UNIQUE KEY `HTNO` (`HTNO`,`event_id`),
  ADD KEY `event_map` (`event_id`);

--
-- Indexes for table `anveshana_roles`
--
ALTER TABLE `anveshana_roles`
  ADD PRIMARY KEY (`role_id`);

--
-- Indexes for table `anveshana_role_services`
--
ALTER TABLE `anveshana_role_services`
  ADD UNIQUE KEY `role_id` (`role_id`,`service_id`),
  ADD KEY `service_id_map` (`service_id`);

--
-- Indexes for table `anveshana_services`
--
ALTER TABLE `anveshana_services`
  ADD PRIMARY KEY (`service_id`);

--
-- Indexes for table `anveshana_transactions`
--
ALTER TABLE `anveshana_transactions`
  ADD PRIMARY KEY (`transaction`),
  ADD UNIQUE KEY `transaction` (`transaction`,`HTNO`),
  ADD UNIQUE KEY `transaction_2` (`transaction`,`transaction_id`),
  ADD KEY `htno_map2` (`HTNO`);

--
-- Indexes for table `anveshana_users`
--
ALTER TABLE `anveshana_users`
  ADD PRIMARY KEY (`username`),
  ADD KEY `role_id_map` (`role_id`);

--
-- AUTO_INCREMENT for dumped tables
--

--
-- AUTO_INCREMENT for table `anveshana_events`
--
ALTER TABLE `anveshana_events`
  MODIFY `event_id` bigint(20) NOT NULL AUTO_INCREMENT, AUTO_INCREMENT=87;

--
-- AUTO_INCREMENT for table `anveshana_roles`
--
ALTER TABLE `anveshana_roles`
  MODIFY `role_id` bigint(20) NOT NULL AUTO_INCREMENT, AUTO_INCREMENT=7;

--
-- AUTO_INCREMENT for table `anveshana_services`
--
ALTER TABLE `anveshana_services`
  MODIFY `service_id` bigint(20) NOT NULL AUTO_INCREMENT, AUTO_INCREMENT=8;

--
-- AUTO_INCREMENT for table `anveshana_transactions`
--
ALTER TABLE `anveshana_transactions`
  MODIFY `transaction` bigint(20) NOT NULL AUTO_INCREMENT, AUTO_INCREMENT=22;

--
-- Constraints for dumped tables
--

--
-- Constraints for table `anveshana_registration`
--
ALTER TABLE `anveshana_registration`
  ADD CONSTRAINT `event_map` FOREIGN KEY (`event_id`) REFERENCES `anveshana_events` (`event_id`),
  ADD CONSTRAINT `htno_map` FOREIGN KEY (`HTNO`) REFERENCES `anveshana_participants` (`HTNO`);

--
-- Constraints for table `anveshana_role_services`
--
ALTER TABLE `anveshana_role_services`
  ADD CONSTRAINT `role_id_map2` FOREIGN KEY (`role_id`) REFERENCES `anveshana_roles` (`role_id`),
  ADD CONSTRAINT `service_id_map` FOREIGN KEY (`service_id`) REFERENCES `anveshana_services` (`service_id`);

--
-- Constraints for table `anveshana_transactions`
--
ALTER TABLE `anveshana_transactions`
  ADD CONSTRAINT `htno_map2` FOREIGN KEY (`HTNO`) REFERENCES `anveshana_participants` (`HTNO`);

--
-- Constraints for table `anveshana_users`
--
ALTER TABLE `anveshana_users`
  ADD CONSTRAINT `role_id_map` FOREIGN KEY (`role_id`) REFERENCES `anveshana_roles` (`role_id`),
  ADD CONSTRAINT `username_map` FOREIGN KEY (`username`) REFERENCES `anveshana_participants` (`HTNO`);
COMMIT;

/*!40101 SET CHARACTER_SET_CLIENT=@OLD_CHARACTER_SET_CLIENT */;
/*!40101 SET CHARACTER_SET_RESULTS=@OLD_CHARACTER_SET_RESULTS */;
/*!40101 SET COLLATION_CONNECTION=@OLD_COLLATION_CONNECTION */;
